NOMEASSOCIAZIONE,INDIRIZZO,CAP,CITTA,PROV,ANNO COSTITUZIONE,ATTIVITA
ACME ITALIA, VIA SCHIASSI  24,40062,MOLINELLA,(BO),2007,MODELLISMO SPAZIALE - COSTRUZIONE E LANCIO DI RAZZOMODELLI - EDUCAZIONE SCIENTIFICA
A.I.K.A.F. ASS. ITALIANA KARATE FUDOKAN, VIA MASI 4,40062,MOLINELLA,(BO),1995,EDUCAZIONE ALLA PRATICA SPORTIVA E ATTIVITA RICREATIVE
A.S.D. ARCIERI CORTE DEL POGGIO, VIA MARTIRI PIAZZA 8 AGOSTO 54,40062,MOLINELLA,(BO),1989,SVILUPPO DIFFUSIONE E PROPAGAZIONE DEL TIRO CON L ARCO IN TUTTE LE SUE COMPONENTI SPORTIVE AGONISTICHE AMATORIALI DIDATTICHE
A.S.D. BASKIN BROTHERS, VIA FRATELLI ROSSELLI 4,40062,MOLINELLA,(BO),2016,SVILUPPO E DIFFUSIONE DI ATTIVITA MOTORIE E SPORTIVE DILETTANTISTICHE INTEGRATE SVOLTE INSIEME DA PERSONE CON DISABILITA
A.S.D. EASY DANCE, VIA MONTENERO 2,40062,MOLINELLA,(BO),2008,PROMOZIONE E DIFFUZIONE DANZA SPORTIVA
A.S.D. SAN MARTINO IN ARGINE,VIA RISORGIMENTO 9,40062,SAN MARTINO IN ARGINE,(BO),2010,EDUCAZIONE ALLA PRATICA SPORTIVA E ATTIVITA RICREATIVE - SPORT CULTURA E TURISMO
A.S.D. SERENDIPITY, VIA LUIGI PIRANDELLO 3/2,40062,MOLINELLA,(BO),2016,DIFFONDERE LA CONOSCENZA DELLO SPORT E DELLA CULTURA SPORTIVA
ASSOCIAZIONE CAVALIERI DELLA BORRA,MARMORTA VIA FIUME VECCHIO 261/1,40062,MARMORTA,(BO),2008,EDUCAZIONE DIDATTICA ED ATTIVITA MOTORIA
ASSOCIAZIONE CORTE DEL POGGIO,  VIA PROVINCIALE CIRCONVALLAZIONE 56,40062,MOLINELLA,(BO),2003,EDUCAZIONE ALLA PRATICA SPORTIVA E ATTIVITA RICREATIVE
ASSOCIAZIONE CULTURALE SPORTIVA MOLINELLA FAST & FURIOUS R/C, VIA PROVINCIALE CIRCONVALLAZIONE 132/5,40062,MOLINELLA,(BO),2004,EDUCAZIONE ALLA PRATICA SPORTIVA E ATTIVITA RICREATIVE - SPORT CULTURA E TURISMO
A.D.S. HONBU DOJO, VIA ANDREA COSTA 78/1,40062,MOLINELLA,(BO),2010,SVILUPPO E DIFFUSIONE DEL KARATE E DISCIPLINE AFFINI INTESA COME MEZZO DI FORMAZIONE PSICO - FISICA E MORALE
A.D.S. STUDIO PILATES CONTROLOGY, VIA PONDRELLI 22/1,40062,MOLINELLA,(BO),2013,PROMOZIONE E PRATICA DEL PILATES E EDUCAZIONE POSTURALE E DIVULGAZIONE E COMPRENSIONE DELL IMPORTANZA DELLA POSTURA
ASSOCIAZIONE DILETTANTISTICA DANZA SPORTIVA TEAM DIABLO, VIA DELL ARTIGIANATO 30,40062,MOLINELLA,(BO),1991,EDUCAZIONE ALLA PRATICA SPORTIVA E ATTIVITA RICREATIVE - SPORT CULTURA E TURISMO
A.S. MOLINELLA NUOTO, VIA ANDREA COSTA 4,40062,MOLINELLA,(BO),1995,EDUCAZIONE ALLA PRATICA SPORTIVA E ATTIVITA RICREATIVE
A.S.D. PARACADUTISMO MOLI DZ, VIA MADONNA BOTTARDA  1,40062,MOLINELLA,(BO),2012,SPORT CULTURA E TURISMO
ASSOCIAZIONE POLISPORTIVA MOLINELLA, VIA MAZZINI 2,40062,MOLINELLA,(BO),1994,EDUCAZIONE ALLA PRATICA SPORTIVA E ATTIVITA RICREATIVE - SPORT CULTURA E TURISMO
BLUAPNEA ASD, VIA ANDREA COSTA 6,40062,MOLINELLA,(BO),2011,EDUCAZIONE ALLA PRATICA SPORTIVA E ATTIVITA RICREATIVE - SPORT CULTURA E TURISMO
CIRCOLO SPORTIVO UISP LA RUOTA, VIA MAZZINI 200,40062,MOLINELLA,(BO),1997,EDUCAZIONE ALLA PRATICA SPORTIVA E ATTIVITA RICREATIVE - ATTIVITA EDUCATIVE
C.S.B. MOLINELLA, VIA MAZZINI 93,40062,MOLINELLA,(BO),1992,SPORT CULTURA E TURISMO
FALCHI CORAZZATI ASD,VIA FUCINI 8,40062,SAN PIETRO CAPOFIUME,(BO),2010,EDUCAZIONE ALLA PRATICA SPORTIVA E ATTIVITA RICREATIVE - SPORT CULTURA E TURISMO
FUTSAL MOLINELLA 2018 A.S.D.,MOLINELA VIA TESTONI 7,40062,MOLINELLA,(BO),2019,EDUCAZIONE ALLA PRATICA SPORTIVA E ATTIVITAâ€™ RICREATIVE - SPORT CULTURA E TURISMO
GAS RACING TEAM,VIA DEL TEATRO 2,40062,SAN PIETRO CAPOFIUME,(BO),2010,EDUCAZIONE ALLA PRATICA SPORTIVA E ATTIVITA RICREATIVE - SPORT CULTURA E TURISMO
I  FERRARISTI  DI MOLINELLA, VIA MARZOCCHI 17,40062,MOLINELLA,(BO),2022,EDUCAZIONE ALLA PRATICA SPORTIVA E ATTIVITA RICREATIVE - SPORT CULTURA E TURISMO
SCUOLA TAEKWON-DO E SPORT COMBATTIMENTO, VIA SCHIASSI 6,40062,MOLINELLA,(BO),2017,DIVULGAZIONE ARTI MARZIALI COREANE E SPORT COMBATTIMENTO - DIFESA PERSONALE
LA RUOTA SKATING ASD, VIA CARREGGIATA 8,40062,MOLINELLA,(BO),2009,EDUCAZIONE ALLA PRATICA SPORTIVA E ATTIVITA RICREATIVE
MARMORTA 2014 ASD,VIA FIUME VECCHIO 286/A,40062,MARMORTA,(BO),1996,EDUCAZIONE ALLA PRATICA SPORTIVA E ATTIVITA RICREATIVE - SPORT CULTURA E TURISMO
MOUNTAIN BIKE CLUB MOLINELLA, VIA PROVINCIALE SUPERIORE 9,40062,MOLINELLA,(BO),2007,EDUCAZIONE ALLA PRATICA SPORTIVA E ATTIVITA RICREATIVE ATTIVITA CULTURALI E DI TUTELA E VALORIZZAZIONE PATRIMONIO AMBIENTALE
MOTO CLUB FGC MOLINELLA ASD, VIA CESARE BATTISTI 84,40062,MOLINELLA,(BO),2014,EDUCAZIONE ALLA PRATICA SPORTIVA E ATTIVITA RICREATIVE - SPORT CULTURA E TURISMO
G.P. ATLETICA MOLINELLA, VIA MAZZINI 2,40062,MOLINELLA,(BO),2002,EDUCAZIONE ALLA PRATICA SPORTIVA E ATTIVITA RICREATIVE - SPORT CULTURA E TURISMO
PALLACANESTRO MOLINELLA A.S.D., VIA MAZZINI 16,40062,MOLINELLA,(BO),2017,SVILUPPO E DIFFUSIONE DI ATTIVITA SPORTIVA DILETTANTISTICA CONNESSA ALLA PRATICA DELLA PALLACANESTRO.
PRO RACE TEAM, VIA ANNA FRANK 21,40062,MOLINELLA,(BO),2003,EDUCAZIONE ALLA PRATICA SPORTIVA E ATTIVITA RICREATIVE SPORT CULTURA E TURISMO
SLAM DUNK ASD,VIA CANALE BOTTE 53,40062,SAN PIETRO CAPOFIUME,(BO),2011,SPORT CULTURA E TURISMO
SOC. CICLISTICA MAC TEAM, VIA SEVERINO FERRARI 99,40062,MOLINELLA,(BO),1987,EDUCAZIONE ALLA PRATICA SPORTIVA E ATTIVITA RICREATIVE - SPORT CULTURA E TURISMO
SOC. SPORTIVA DILETTANTISTICA SUB NETTUNO MOLINELLA, VIA ANDREA COSTA 6,40062,MOLINELLA,(BO),1972,TUTELA E VALORIZAZIONE DEL PATRIMONIO AMBIENTALE - EDUCAZIONE ALLA PRATICA SPORTIVA E ATTIVITA RICREATIVE
SOC. SPORTIVA DILETTANTISTICA PESCATORI MOLINELLA, VIA MAZZINI 2,40062,MOLINELLA,(BO),1957,ATTIVITA CULTURALI E DI TUTELA E VALORIZZAZIONE PATRIMONIO AMBIENTALE - EDUCAZIONE ALLA PRATICA SPORTIVA E ATTIVITA RICREATIVE
ASD  TIRO AL VOLO MOLINELLA CASTELLANI, VIA VALLE 5,40062,MOLINELLA,(BO),2000,EDUCAZIONE ALLA PRATICA SPORTIVA E ATTIVITA RICREATIVE - SPORT CULTURA E TURISMO
STELLA NERA A.F.C., VIA DE AMICIS 4,40062,MOLINELLA,(BO),2012,EDUCAZIONE ALLA PRATICA SPORTIVA E ATTIVITA RICREATIVE - SPORT CULTURA E TURISMO
STEP EVOLUTION,VIA OLOF PALME 21,40062,MOLINELLA,(BO),2009,EDUCAZIONE ALLA PRATICA SPORTIVA E ATTIVITA RICREATIVE
TAEKWONDO MOLINELLA,VIA BENTIVOGLI 14,40062,MOLINELLA,(BO),2002,EDUCAZIONE ALLA PRATICA SPORTIVA E ATTIVITA RICREATIVE - SPORT CULTURA E TURISMO
TRAGHETTO-MOLINELLA ASD, VIA ALDO MORO 13,40062,MOLINELLA,(BO),2014,EDUCAZIONE ALLA PRATICA SPORTIVA E ATTIVITA RICREATIVE - SPORT CULTURA E TURISMO
US RENO MOLINELLA 1911 ASD, VIA BENTIVOGLI1,40062,MOLINELLA,(BO),1911 -1994,EDUCAZIONE ALLA PRATICA SPORTIVA E ATTIVITA RICREATIVE - SPORT CULTURA E TURISMO
VILLAGE TENNIS CLUB ASD, VIA ANDREA COSTA 2,40062,MOLINELLA,(BO),1995,EDUCAZIONE ALLA PRATICA SPORTIVA E ATTIVITA RICREATIVE - SPORT CULTURA E TURISMO
ASSOCIAZIONE CULTURALE ISLAMICA AL AMAL, VIA TURATI 23,40062,MOLINELLA,(BO),2015,ATTIVITA EDUCATIVE - SPORT CULTURA E TURISMO
ANIMAL BLUE HOUSE,VIA SELVA 71,40062,SELVA MALVEZZI,(BO),1995,ATTIVITA CULTURALI E DI TUTELA E  VALORIZZAZIONE PATRIMONIO AMBIENTALE - SPORT CULTURA E TURISMO
ASSOCIAZIONE AMICI DEL TAROCCHINO BOLOGNESE CIRCOLO R. BIANCHI, VIA PROVINCIALE SUPERIORE 218,40062,MOLINELLA,(BO),2018,PROMOZIONE DELLA CONOSCENZA E DELLA PRATICA DEL GIOCO DELLE CARTE IN PARTICOLARE DEL TAROCCHINO BOLOGNESE
ASSOCIAZIONE CULTURALE L AQUILA SIGNORINA, VIA PROVINCIALE SUPERIORE 20,40062,MOLINELLA,(BO),1995,ATTIVITA EDUCATIVE - ATTIVITA CULTURALI E DI TUTELA E VALORIZZAZIONE PATRIMONIO AMBIENTALE
ASSOCIAZIONE CULTURALE ISLAMICA BADR, VIA TURATI 36,40062,MOLINELLA,(BO),2002,TUTELA E PROMOZIONE DEI DIRITTI - ATTIVITA CULTURALI E DI TUTELA E VALORIZZAZIONE DEL PATRIMONIO AMBIENTALE
ASSOCIAZIONE DILETTANTISTICA LUDOFFICINA, VIA DON MINZONI 52,40062,MOLINELLA,(BO),2008,FINALITA SPORTIVE DILETTANTISTICHE E CULTURALI
MOLINELLA OCARINA GROUP MOG, VIA MAZZINI 393,40062,MOLINELLA,(BO),2016,PROMOZIONE E DIFFUSIONE DELL OCARINA E DELLA CULTURA MUSICALE IN OGNI SUA FORMA
ASSOCIAZIONE IL MANTELLO,VIA SANT ELENA 16,40062,SAN MARTINO IN ARGINE,(BO),2002,ATTIVITA EDUCATIVE - ATTIVITA CULTURALI E DI TUTELA E VALORIZZAZIONE DEL PATRIMONIO AMBIENTALE
ASSOCIAZIONE RIFUGIO DI BAGNAROLA ODV,VIA FONDAZZA 7/A,40062,BUDRIO,(BO),1990,GESTIONE CANILE INTERCOMUNALE ATTIVITA CULTURALI E  DI TUTELA E VALORIZZAZIONE PATRIMONIO AMBIENTALE
CIRCOLO AMICI DELL ARTE, VIA MAZZINI 131,40062,MOLINELLA,(BO),1966,ATTIVITA CULTURALI E DI TUTELA E VALORIZZAZIONE DEL PATRIMONIO AMBIENTALE - SPORT CULTURA E TURISMO
CIRCOLO ARCI MOLINELLA, VIA DEL LAVORO 27,40062,MOLINELLA,(BO),1964,SPORT CULTURA E TURISMO
CIRCOLO LA TORRETTA, VIA MAZZINI 2,40062,MOLINELLA,(BO),2003,ATTIVITA CULTURALI E DI TUTELA E VALORIZZAZIONE PATRIMONIO AMBIENTALE - SPORT CULTURA E TURISMO
CIRCOLO CULTURALE GIOVANIDEE, STRADELLO GUARDA 2-4,40062,MOLINELLA,(BO),2009,ATTIVITA CULTURALI E DI TUTELA E VALORIZZAZIONE DEL PATRIMONIO AMBIENTALE - SPORT CULTURA E TURISMO
COMITATO FESTA DI ALBERINO, VIA CANALE BOTTE 41,40062,MOLINELLA,(BO),2015,ATTIVITA CULTURALI E DI TUTELA E VALORIZZAZIONE PATRIMONIO AMBIENTALE - SPORT CULTURA E TURISMO
COMITATO FESTEGGIAMENTI S.PIETRO CAPOFIUME ALBERINO,VIA SEVERINO FERRARI 124/126,40062,SAN PIETRO CAPOFIUME,(BO),2001,PROTEZIONE CIVILE - SPORT CULTURA E TURISMO
CORO DA CONTAVALLI, VIA MANIN 19,40062,MOLINELLA,(BO),2015,ATTIVITA CULTURALI E DI TUTELA E VALORIZZAZIONE PATRIMONIO AMBIENTALE
GRUPPO AMICI DEI MONUMENTI,VIA MAZZINI 133,40062,MOLINELLA,(BO),2000,TUTELA E VALORIZAZIONE DEL PATRIMONIO AMBIENTALE - ATTIVITA CULTURALI E DI TUTELA E VALORIZZAZIONE PATRIMONIO AMBIENTALE
GRUPPO BANDISTICO MOLINELLESE, VIA MAZZINI 2,40062,MOLINELLA,(BO),1997,ATTIVITA CULTURALI E DI TUTELA E VALORIZZAZIONE PATRIMONIO AMBIENTALE
LABORATORIO D ARTE, VIA MAZZINI 2,40062,MOLINELLA,(BO),2003,ATTIVITA EDUCATIVE E  ATTIVITA CULTURALI E DI TUTELA E VALORIZZAZIONE DEL PATROMONIO AMBIENTALE
LA COMPAGNIA DEL CAFFE, VIA BENTIVOGLI 5,40062,MOLINELLA,(BO),2000,ATTIVITA CULTURALI E DI TUTELA E VALORIZZAZIONE PATRIMONIO AMBIENTALE - SPORT CULTURA E TURISMO
LA COMPAGNIA DELLO SCATTO, VIA ZARRI 25,40062,MOLINELLA,(BO),2014,ATTIVITA EDUCATIVE - SPORT CULTURA E TURISMO
NATIONAL LAMPOON, VIA MAZZINI 75,40062,MOLINELLA,(BO),2010,ATTIVITA CULTURALI E DI TUTELA E VALORIZZAZIONE DEL PATROMONIO AMBIENTALE - EDUCAZIONE ALLA PRATICA SPORTIVA E ATTIVITA RICREATIVE
PRO LOCO MOLINELLA, PIAZZA MARTONI 20,40062,MOLINELLA,(BO),2002,ATTIVITA CULTURALI E DI TUTELA E VALORIZZAZIONE DEL PATROMONIO AMBIENTALE - SPORT CULTURA E TURISMO
F.I.D.A.S. BOLOGNA ODV, VIA DANIELE MANIN 11,40062,MOLINELLA,(BO),1956,SANITARIO - SOCIO/ ASSISTENZIALI
A.N.C. NUCLEO VOLONTARI PIANURA FELSINEA, VIA VALERIANI 25,40062,MOLINELLA,(BO),2000,TUTELA E VALORIZAZIONE DEL PATRIMONIO AMBIENTALE - PROTEZIONE CIVILE
ANT ITALIA ONLUS DELEGAZIONE MOLINELLA, PIAZZA MARTONI 20,40062,MOLINELLA,(BO),2011,SANITARIO - SOCIO/ ASSISTENZIALI
ANTEAS GIUSEPPE FANIN, VIA MARCONI  69,40062,MOLINELLA,(BO),2008,FINALITA SOLIDARISTICHE CULTURALI SOCIALI
A.S.D. SERENDIPITY,VIA LUIGI PIRANDELLO 3/2,40062,MOLINELLA,(BO),2016,PROMUOVERE ATTIVITACULTURALI LUDICHE E DI ARRICCHIMENTO UMANO COME MOMENTO DI INCONTRO E INTERAZIONE FRA PERSONE
ASSOCIAZIONE DI VOLONTARIATO LA GIURA,VIA FIUME VECCHIO 137,40062,MARMORTA,(BO),2002,ATTIVITA EDUCATIVE - ATTIVITA CULTURALI E DI TUTELA E VALORIZZAZIONE PATRIMONIO AMBIENTALE
ASSOCIAZIONE LE FARNIE, VIA PRATI 1,40062,MOLINELLA,(BO),2007,FINALITA SOLIDARISTICHE CULTURALI SOCIALI DI EDUCAZIONE AL RISPETTO DELL AMBIENTE
ASSOCIAZIONE NAZIONALE ALPINI, PIAZZA ANSELMO MARTONI 1,40062,MOLINELLA,(BO),1923,PROTEZIONE CIVILE ATTIVITA CULTURALI E DI TUTELA E VALORIZZAZIONE DEL PATRIMONIO AMBIENTALE
ASSOCIAZIONE NAZIONALE BERSAGLIERI PEZZOLI, PIAZZA ANSELMO MARTONI 1,40062,MOLINELLA,(BO),1983,TUTELA E PROMOZIONE DEI DIRITTI ATTIVITA CULTURALI E DI TUTELA E VALORIZZAZIONE PATRIMONIO AMBIENTALE
ASSOCIAZIONE VOLONTARIA IL PARCO DEI PIOPPI, STRADELLO GUARDA 2-4,40062,MOLINELLA,(BO),1996,SOCIO/ASSISTENZIALE - ATTIVITA CULTURALI E DI  TUTELA E VALORIZZAZIONE PATRIMONIO AMBIENTALE
ASSOCIZIONE VOLONTARI PROTEZIONE CIVILE MOLINELLA, VIA MURRI 1,40062,MOLINELLA,(BO),1996,PROTEZIONE CIVILE
A.V.I.S. MOLINELLA, VIA MURRI 1,40062,MOLINELLA,(BO),1958,SANITARIO - SOCIO/ ASSISTENZIALI
BELLAVISTA ASD/APS, VIA ANNA FRANK 18,40062,MOLINELLA,(BO),2012,SOCIO/ASSISTENZIALI ATIVITA EDUCATIVE
COMITATO GENITORI, VIA DE AMICIS 1,40062,MOLINELLA,(BO),2017,PROMOZIONE PROGETTI FORMATIVI PER GLI ALLIEVI DELL ISTITUTO COMPRENSIVO
CROCE ROSSA ITALIANA, VIA MURRI 1,40062,MOLINELLA,(BO),2014,SANITARIO - SOCIO/ ASSISTENZIALI
DICORE, VIA I MAGGIO 2,40062,MOLINELLA,(BO),2015,SOCIO/ ASSISTENZIALI
DONNE DI PIANURA, VIA SPINA 11,40062,MOLINELLA,(BO),2005,TUTELA E PROMOZIONE DEI DIRITTI - SPORT CULTURA E TURISMO
FLY GANG PROTEZIONE CIVILE, VIA MADONNA BOTTARDA 1,40062,MOLINELLA,(BO),2008,ATTIVITA DI PROTEZIONE CIVILE E CONTROLLO AEREO DEL TERRITORIO  SPORT CULTURA E TURISMO
FONDAZIONE AIUTIAMOLI A VIVERE COMITATO DI MOLINELLA, VIA BENTIVOGLI 80,40062,MOLINELLA,(BO),2000,SANITARIO - SOCIO/ ASSISTENZIALI
GLI AMICI DI SAMUELE, VIA PROVINCIALE SUPERIORE 30/4,40062,MOLINELLA,(BO),2013,SOCIO/ ASSISTENZIALI
GROUND VIBES, VIA CARREGGIATA 94/3,40062,MOLINELLA,(BO),2014,ATTIVITA CULTURALI E DI TUTELA E VALORIZZAZIONE PATRIMONIO AMBIENTALE EDUCAZIONE ALLA PRATICA SPORTIVA E ATTIVITA RICREATIVE
IL COLLARE BLU, VIA PEDRELLI 2/2,40062,MOLINELLA,(BO),2004,ATTIVITA CULTURALI E DI TUTELA E VALORIZZAZIONE PATRIMONIO AMBIENTALE TUTELA E PROMOZIONE DEI DIRITTI
LIONS CLUB MOLINELLA, VIA MAZZINI 129,40062,MOLINELLA,(BO),1965,SOCIO/ASSISTENZIALE - TUTELA E PROMOZIONE DEI DIRITTI
OPERE DI MISERICORDIA, VIA PROVINCIALE CIRCONVALLAZIONE 47,40062,MOLINELLA,(BO),2009,SOCIO/ASSISTENZIALE - TUTELA E PROMOZIONE DEI DIRITTI
ORATORIO SAN MATTEO A.N.S.P.I., VIA BENTIVOGLI 1,40062,MOLINELLA,(BO),2007,AZIONE EDUCATIVA E PASTORALE
ORGANIZZIA MOLI, VIA DON PRIMO ANGELINI 55,40062,MOLINELLA,(BO),2013,SOCIO/ ASSISTENZIALI - ATTIVITA CULTURALI E DI TUTELA E VALORIZZAZIONE PATRIMONIO AMBIENTALE
PUBBLICA ASSISTENZA CITTA DI MOLINELLA, VIA MURRI 3,40062,MOLINELLA,(BO),2002,SANITARIO - SOCIO/ ASSISTENZIALI
UNA MANO PER LA VITA, VIA MAZZINI 7,40062,MOLINELLA,(BO),2003,SOCIO/ASSISTENZIALE - TUTELA E PROMOZIONE DEI DIRITTI
VIGILI DEL FUOCO VOLONTARI MOLINELLA FRIENDS, VIA MAZZINI 381,40062,MOLINELLA,(BO),2014,TUTELA E VALORIZZAZIONE PATRIMONIO AMBIENTALE - PROTEZIONE CIVILE
